gameid,gamename,nratings,gamerank
13,Catan,79696,293
822,Carcassonne,79266,137
30549,Pandemic,76848,74
36218,Dominion,64585,73
68448,7 Wonders,63649,43
9209,Ticket to Ride,56664,129
31260,Agricola,54558,19
3076,Puerto Rico,53923,15
40692,Small World,50603,193
2651,Power Grid,47669,32
70323,King of Tokyo,45067,232
178900,Codenames,44770,48
129622,Love Letter,43757,219
14996,Ticket to Ride: Europe,43558,92
478,Citadels,42023,332
148228,Splendor,40576,121
28143,Race for the Galaxy,38672,47
39856,Dixit,38278,200
34635,Stone Age,35835,79
110327,Lords of Waterdeep,35823,53
173346,7 Wonders Duel,34712,13
1927,Munchkin,33868,3535
84876,The Castles of Burgundy,33172,12
15987,Arkham Horror,33114,245
65244,Forbidden Island,32779,606
169786,Scythe,32314,7
12333,Twilight Struggle,32221,5
11,Bohnanza,32050,380
50,Lost Cities,30323,297
120677,Terra Mystica,30318,9
150376,Dead of Winter: A Crossroads Game,30130,68
41114,The Resistance,30085,185
167791,Terraforming Mars,29772,4
98778,Hanabi,29609,289
163412,Patchwork,29197,58
37111,Battlestar Galactica: The Board Game,28603,62
10547,Betrayal at House on the Hill,27882,437
161936,Pandemic Legacy: Season 1,27559,2
131357,Coup,26648,392
463,Magic: The Gathering,26347,149
40834,Dominion: Intrigue,25935,59
70919,Takenoko,25710,218
147020,Star Realms,25583,88
54043,Jaipur,25282,111
181,Risk,24888,15262
121921,Robinson Crusoe: Adventures on the Cursed Island,24207,39
31481,Galaxy Trucker,24113,132
6249,Alhambra,24068,401
133473,Sushi Go!,24003,356
18602,Caylus,23826,46
2655,Hive,23417,206
124742,Android: Netrunner,23336,42
157354,Five Tribes,23298,55
72125,Eclipse,23077,36
171,Chess,23034,413
15062,Shadows Over Camelot,22671,331
39463,Cosmic Encounter,22636,104
170216,Blood Rage,22418,24
42,Tigris & Euphrates,22305,71
126163,Tzolk'in: The Mayan Calendar,22300,38
1406,Monopoly,22212,15954
3955,BANG!,22202,1053
103343,A Game of Thrones: The Board Game (Second Edition),22195,85
96848,Mage Knight Board Game,22136,20
102794,Caverna: The Cave Farmers,21903,16
35677,Le Havre,21892,40
320,Scrabble,21844,1544
10630,Memoir '44,21577,116
146021,Eldritch Horror,21514,49
157969,Sheriff of Nottingham,21322,255
18,RoboRally,20746,347
128882,The Resistance: Avalon,20556,87
93,El Grande,20397,57
8217,San Juan,20148,233
181304,Mysterium,20043,168
103885,Star Wars: X-Wing Miniatures Game,19873,66
9220,Saboteur,19647,879
143884,Machi Koro,19608,770
132531,Roll for the Galaxy,19542,60
122522,Smash Up,19252,652
136063,Forbidden Desert,19176,271
2453,Blokus,19032,542
174430,Gloomhaven,18578,1
16992,Tsuro,18538,793
172,For Sale,18461,263
100423,Elder Sign,18220,473
104162,Descent: Journeys in the Dark (Second Edition),18014,78
50381,Cards Against Humanity,17977,2569
123260,Suburbia,17828,96
148949,Istanbul,17671,90
155426,Castles of Mad King Ludwig,17386,84
77423,The Lord of the Rings: The Card Game,17223,109
116,Guillotine,17089,1013
8203,"Hey, That's My Fish!",16885,691
158899,Colt Express,16872,311
12,Ra,16858,134
153938,Camel Up,16854,390
100901,Flash Point: Fire Rescue,16829,262
146508,T.I.M.E Stories,16802,56
12493,Twilight Imperium (Third Edition),16760,50
12942,No Thanks!,16742,395
27162,Kingsburg,16715,275
124361,Concordia,16652,22
230802,Azul,16633,37
37046,Ghost Stories,16575,199
5,Acquire,16509,213
108745,Seasons,16498,164
25613,Through the Ages: A Story of Civilization,16497,30
104006,Village,16288,115
2653,Survive: Escape from Atlantis!,16254,235
21790,Thurn and Taxis,16230,353
154203,Imperial Settlers,16014,136
74,Apples to Apples,15845,3368
129437,Legendary: A Marvel Deck Building Game,15827,128
107529,Kingdom Builder,15781,463
2223,UNO,15610,15850
54,Tikal,15454,211
204583,Kingdomino,15312,184
5782,Coloretto,15287,492
147949,One Night Ultimate Werewolf,15286,283
193738,Great Western Trail,15221,10
164153,Star Wars: Imperial Assault,15217,29
122515,Keyflower,14763,44
62219,Dominant Species,14713,52
123540,Tokaido,14527,449
24480,The Pillars of the Earth,14419,237
54998,Cyclades,14418,135
187645,Star Wars: Rebellion,14380,6
432,6 nimmt!,14291,592
143741,BANG! The Dice Game,14274,480
1294,Clue,14250,7868
37904,Formula D,14153,444
166384,Spyfall,14044,435
9674,Ingenious,13950,339
73439,Troyes,13890,67
15512,Diamant,13872,633
555,The Princes of Florence,13823,124
164928,Orléans,13772,25
258,Fluxx,13763,6854
62871,Zombie Dice,13748,1738
205637,Arkham Horror: The Card Game,13721,17
205059,Mansions of Madness: Second Edition,13656,23
176494,Isle of Skye: From Chieftain to King,13629,155
171623,The Voyages of Marco Polo,13615,41
183394,Viticulture Essential Edition,13598,18
760,Battle Line,13536,186
182028,Through the Ages: A New Story of Civilization,13407,3
124708,Mice and Mystics,13391,226
113294,Escape: The Curse of the Temple,13385,431
118,Modern Art,13342,225
2471,Zombies!!!,13307,4720
161970,Alchemists,13289,82
113924,Zombicide,13288,346
201808,Clank!: A Deck-Building Adventure,13216,61
194655,Santorini,13212,77
9217,Saint Petersburg,13177,236
38453,Space Alert,13121,157
21763,Mr. Jack,13062,425
3,Samurai,12992,178
28023,Jamaica,12941,410
29368,Last Night on Earth: The Zombie Game,12781,566
28720,Brass: Lancashire,12772,26
77130,Sid Meier's Civilization: The Board Game,12751,180
823,Lord of the Rings,12726,721
188,Go,12708,127
43111,Chaos in the Old World,12682,93
48726,Alien Frontiers,12674,167
102652,Sentinels of the Multiverse,12667,282
27588,Zooloretto,12608,626
25669,Qwirkle,12514,667
63888,Innovation,12367,286
92828,Dixit: Odyssey,12270,171
91536,Quarriors!,12241,706
34219,Biblios,12149,301
2511,Sherlock Holmes Consulting Detective: The Thames Murders & Other Cases,12095,65
43443,Castle Panic,12014,825
43570,Friday,11978,310
127023,Kemet,11946,75
278,Catan Card Game,11804,760
438,Scotland Yard,11737,1082
19857,Glory to Rome,11711,152
102680,Trajan,11706,72
45315,Dungeon Lords,11674,189
83330,Mansions of Madness,11630,266
215,Tichu,11561,125
20551,Shogun,11530,130
1917,Stratego,11466,2315
20100,Wits & Wagers,11374,523
503,Through the Desert,11371,439
21241,Neuroshima Hex! 3.0,11349,214
172225,Exploding Kittens,11330,3913
12692,Gloom,11267,1477
144733,Russian Railroads,11186,69
25292,Merchants & Marauders,11008,204
59959,Letters from Whitechapel,11003,188
160499,King of New York,10995,447
147151,Concept,10893,590
27627,Talisman (Revised 4th Edition),10874,1235
133038,Pathfinder Adventure Card Game: Rise of the Runelords – Base Set,10845,298
25554,Notre Dame,10831,220
71721,Space Hulk: Death Angel – The Card Game,10824,535
483,Diplomacy,10740,520
198773,Codenames: Pictures,10739,215
17226,Descent: Journeys in the Dark,10734,280
37380,Roll Through the Ages: The Bronze Age,10651,588
192291,Sushi Go Party!,10650,147
45,Liar's Dice,10614,581
125618,Libertalia,10517,308
119890,Agricola: All Creatures Big and Small,10455,187
127398,Legends of Andor,10445,300
140620,Lewis & Clark,10381,143
97207,Dungeon Petz,10365,145
41,Can't Stop,10358,643
131835,Boss Monster: The Dungeon Building Card Game,10316,1620
9216,Goa,10255,114
17133,Railways of the World,10114,95
66188,Fresco,10110,249
4390,Carcassonne: Hunters and Gatherers,10087,398
69789,Ascension: Deckbuilding Game,10061,518
171131,Captain Sonar,10035,102
34119,Tales of the Arabian Nights,10021,330
163967,Tiny Epic Galaxies,10007,228
209685,Century: Spice Road,9903,207
209010,Mechs vs. Minions,9893,28
2397,Backgammon,9866,1103
6472,A Game of Thrones (first edition),9672,333
155703,Evolution,9669,340
43015,Hansa Teutonica,9630,113
811,Rummikub,9617,1548
126042,Nations,9599,99
93260,Summoner Wars: Master Set,9509,150
155362,Ca$h 'n Guns (Second Edition),9467,531
53953,Thunderstone,9437,554
98,Axis & Allies,9407,1203
199561,Sagrada,9349,131
9609,War of the Ring (First Edition),9321,83
22545,Age of Empires III: The Age of Discovery,9319,139
2243,Yahtzee,9313,15851
699,HeroQuest,9302,557
31594,In the Year of the Dragon,9297,223
31627,Ticket to Ride: Nordic Countries,9269,117
8098,Jungle Speed,9190,1096
19237,Ca$h 'n Gun$,9188,921
42215,Tobago,9145,397
156129,Deception: Murder in Hong Kong,9136,166
90137,Blood Bowl: Team Manager – The Card Game,9083,244
177736,A Feast for Odin,9048,31
1198,SET,8952,1253
161417,Red7,8949,552
46213,Telestrations,8940,227
521,Crokinole,8913,76
188834,Secret Hitler,8903,183
172818,Above and Below,8892,165
25417,BattleLore,8855,259
2452,Jenga,8775,11138
171668,The Grizzled,8744,294
115746,War of the Ring (Second Edition),8705,14
27833,Steam,8673,118
20963,Fury of Dracula (second edition),8547,411
138161,Firefly: The Game,8518,281
70149,Ora et Labora,8512,91
1111,Taboo,8463,1657
33160,Endeavor,8453,209
146652,Legendary Encounters: An Alien Deck Building Game,8445,86
150312,Welcome to the Dungeon,8380,828
136888,Bruges,8378,201
150,PitchCar,8311,326
2921,The Game of Life,8288,15956
176189,Zombicide: Black Plague,8288,119
68425,Eminent Domain,8271,440
30869,Thebes,8270,391
156009,Port Royal,8253,403
175914,Food Chain Magnate,8240,27
97786,Small World Underground,8217,296
63268,Spot it!,8161,889
21348,Ticket to Ride: Märklin,8154,240
92415,Skull,8141,422
25821,The Werewolves of Miller's Hollow,8074,768
1219,Labyrinth,8069,1451
15363,Nexus Ops,8012,352
39683,At the Gates of Loyang,8001,243
63628,The Manhattan Project,7932,221
160477,Onitama,7918,182
91312,Discworld: Ankh-Morpork,7895,402
5404,Amun-Re,7810,267
66362,Glen More,7772,264
13823,Fairy Tale,7762,774
176396,Quadropolis,7759,254
27746,Colosseum,7736,361
97842,Last Will,7730,341
27708,1960: The Making of the President,7729,156
1115,Poker,7697,885
88,Torres,7695,417
128621,Viticulture,7686,123
209778,Magic Maze,7682,343
118048,Targi,7670,140
24181,Imperial,7663,146
205896,Rising Sun,7646,51
12002,Jambo,7590,511
127060,Bora Bora,7571,158
172386,Mombasa,7565,63
59946,Dungeons & Dragons: Castle Ravenloft Board Game,7544,635
2987,Pirate's Cove,7479,1056
139030,Mascarade,7421,905
891,Cranium,7403,6494
15818,Pickomino,7374,1089
21523,Runebound (Second Edition),7359,716
73761,K2,7357,461
173,Formula Dé,7349,596
143693,Glass Road,7349,208
30380,Cuba,7339,424
22345,Yspahan,7316,459
11170,Heroscape Master Set: Rise of the Valkyrie,7308,276
27173,Vikings,7296,322
180263,The 7th Continent,7294,11
150658,Pandemic: The Cure,7280,272
327,Loopin' Louie,7234,714
36946,Red November,7231,1510
14105,Commands & Colors: Ancients,7225,97
180974,Potion Explosion,7225,404
4098,Age of Steam,7192,120
10,Elfenland,7187,820
181279,Fury of Dracula (third/fourth edition),7179,175
915,Mystery of the Abbey,7162,1104
191862,Imhotep,7151,359
155068,Arcadia Quest,7149,89
140,Pit,7138,1388
2842,TransAmerica,7125,920
133848,Euphoria: Build a Better Dystopia,7114,325
13308,Niagara,7106,1130
168435,Between Two Cities,7100,491
24068,Shadow Hunters,7070,742
172287,Champions of Midgard,7070,101
59294,Runewars,7040,154
1234,Once Upon a Time: The Storytelling Card Game,7036,1312
155987,Abyss,6982,328
218603,Photosynthesis,6981,318
21882,Blue Moon City,6975,519
66589,Navegador,6956,172
51,Ricochet Robots,6949,586
826,Cartagena,6942,872
112,Condottiere,6939,810
182874,Grand Austria Hotel,6937,100
155821,Inis,6932,108
394,Kahuna,6919,933
160851,Lanterns: The Harvest Festival,6915,587
2381,Scattergories,6831,2146
7717,Carcassonne: The Castle,6796,514
2398,Cribbage,6787,573
2425,Battleship,6749,15945
79828,A Few Acres of Snow,6733,251
7805,Fearsome Floors,6703,938
117959,Las Vegas,6703,483
121408,Trains,6692,385
24508,Taluva,6687,416
2952,Trivial Pursuit,6638,15891
40398,Monopoly Deal Card Game,6611,1840
101721,Mage Wars Arena,6606,151
105,Colossal Arena,6596,779
47,Chinatown,6593,366
163968,Elysium,6584,319
137297,Rise of Augustus,6577,796
31730,Chicago Express,6572,368
13004,The Downfall of Pompeii,6557,458
141572,Paperback,6540,317
71,Civilization,6538,230
138788,Dungeon Roll,6535,2054
22827,StarCraft: The Board Game,6525,354
216132,Clans of Caledonia,6522,45
475,Taj Mahal,6508,321
97903,Terror in Meeple City,6467,655
105134,Risk Legacy,6420,239
176920,Mission: Red Planet (Second Edition),6403,195
163602,XCOM: The Board Game,6395,508
220308,Gaia Project,6379,8
590,Mille Bornes,6329,6439
46,Medici,6322,453
27225,Bananagrams,6315,1570
1465,Wizard,6303,688
194594,Dice Forge,6286,320
146886,La Granja,6263,122
16986,Ubongo,6261,854
54625,Space Hulk (third edition),6258,234
55670,Macao,6255,247
131366,Eight-Minute Empire,6204,984
85256,Timeline: Inventions,6179,878
39938,Carson City,6169,345
1829,Risk 2210 A.D.,6164,1052
72287,Mr. Jack Pocket,6155,625
105551,Archipelago,6149,292
3201,Lord of the Rings: The Confrontation,6132,426
7854,YINSH,6123,138
36932,Claustrophobia,6122,202
170042,Raiders of the North Sea,6105,103
8051,Attika,6092,591
90419,Airlines Europe,6079,307
40628,Finca,6029,550
131260,Qwixx,6022,675
929,The Great Dalmuti,5961,1173
198994,Hero Realms,5921,177
125153,The Gallerist,5920,64
1293,Boggle,5901,2027
65781,London (first edition),5882,269
110277,Among the Stars,5878,446
197376,Charterstone,5868,110
22141,Cleopatra and the Society of Architects,5858,788
40793,Dice Town,5855,727
2083,Checkers,5849,15932
2281,Pictionary,5828,3986
24310,The Red Dragon Inn,5827,1195
183251,Karuba,5827,382
1258,Phase 10,5811,15912
2389,Othello,5808,2421
257,Kill Doctor Lucky,5792,2095
148951,Tiny Epic Kingdoms,5788,1002
144344,Rococo,5776,197
128671,Spartacus: A Game of Blood & Treachery,5747,285
134726,Smash Up: Awesome Level 9000,5738,378
15364,Vegas Showdown,5721,427
162082,Deus,5717,305
171499,Cacao,5700,507
162886,Spirit Island,5682,33
96913,Lancaster,5670,253
224037,Codenames Duet,5651,112
1345,Genoa,5649,528
169124,Flick 'em Up!,5629,564
194607,Mystic Vale,5597,372
183840,Oh My Goods!,5585,597
58281,Summoner Wars,5551,377
91514,Rhino Hero,5551,621
39953,A Game of Thrones: The Card Game,5550,734
122298,Morels,5543,604
17329,Animal Upon Animal,5502,751
10093,Axis & Allies,5495,1081
2093,Mahjong,5491,642
175155,Forbidden Stars,5490,81
44163,Power Grid: Factory Manager,5487,713
29387,Zombie Fluxx,5486,2847
2375,Sequence,5441,3099
12995,Dungeon Twister,5441,792
172308,Broom Service,5428,407
173090,The Game,5386,899
220,High Society,5378,738
50750,Belfort,5373,371
169654,Deep Sea Adventure,5370,561
38054,Snow Tails,5358,618
2719,Connect Four,5353,15931
5716,Balloon Cup,5313,937
199042,Harry Potter: Hogwarts Battle,5312,273
47185,Warhammer: Invasion,5304,471
20437,Lords of Vegas,5301,360
143519,Quantum,5293,374
770,Loot,5283,1659
176229,Tides of Time,5259,864
526,Abalone,5206,1430
9446,Blue Moon,5205,910
30539,Get Bit!,5196,1951
11971,Cockroach Poker,5194,1175
206718,Ethnos,5181,229
156336,Onirim (second edition),5170,476
49,Mamma Mia!,5169,1313
137269,Spyrium,5161,505
159508,AquaSphere,5152,367
175117,Celestia,5149,603
221107,Pandemic Legacy: Season 2,5149,34
42452,Rattus,5145,803
172081,Burgle Bros.,5138,194
148575,Marvel Dice Masters: Avengers vs. X-Men,5136,451
13642,Louis XIV,5131,563
372,Schotten Totten,5126,365
140934,Arboretum,5112,358
55690,Kingdom Death: Monster,5096,35
159675,Fields of Arle,5095,54
66356,Dungeons & Dragons: Wrath of Ashardalon Board Game,5084,553
172242,Exploding Kittens: NSFW Deck,5078,2525
3699,Killer Bunnies and the Quest for the Magic Carrot,5068,15720
559,Metro,5052,1487
140933,Blueprints,5046,736
624,Quoridor,5014,1021
192153,Pandemic: Reign of Cthulhu,4995,302
18833,Lord of the Rings: The Confrontation,4992,265
39351,Automobile,4991,337
83195,Ghost Blitz,4971,902
2448,Kalah,4968,3485
219513,Bärenpark,4967,324
2392,Mastermind,4933,14928
33604,Say Anything,4928,837
125678,DC Comics Deck-Building Game,4928,703
185343,Anachrony,4928,70
198928,Pandemic: Iberia,4927,80
121,Dune,4922,222
815,Chrononauts,4915,2010
15817,Manila,4915,637
65532,Defenders of the Realm,4897,386
169426,Roll Player,4864,241
2394,Dominoes,4863,15583
242,Junta,4857,985
17223,World of Warcraft: The Boardgame,4851,1186
146278,Tash-Kalar: Arena of Legends,4847,460
34585,Keltis,4841,1394
554,La Città,4839,585
712,Blood Bowl (Third Edition),4829,260
193037,Dead of Winter: The Long Night,4822,161
121410,Steam Park,4802,697
143986,CV,4801,924
10640,Doom: The Boardgame,4800,835
102548,Dungeon Fighter,4766,798
71836,Onirim,4759,958
103886,Star Wars: The Card Game,4749,474
196340,Yokohama,4740,94
54138,Imperial 2030,4739,174
8989,Hansa,4732,728
12962,Reef Encounter,4731,513
91872,Dungeons & Dragons: The Legend of Drizzt Board Game,4729,487
21050,Combat Commander: Europe,4727,105
2407,Sorry!,4726,15946
1,Die Macher,4700,196
171273,FUSE,4684,548
58421,Egizia,4679,291
82222,Xia: Legends of a Drift System,4679,169
714,Talisman,4666,1841
155695,Age of War,4642,1489
177639,Raptor,4638,309
9440,Maharaja: The Game of Palace Building in India,4630,527
56692,Parade,4625,708
137408,Amerigo,4623,279
120,Hoity Toity,4618,1242
1897,Starfarers of Catan,4606,869
27364,Caylus Magna Carta,4598,695
904,Dream Factory,4594,601
4636,Clans,4573,1174
33154,Wasabi!,4543,1226
127024,Room 25,4542,861
199478,Flamme Rouge,4536,270
221,Ikusa,4527,705
146439,BattleLore (Second Edition),4525,144
8125,Santiago,4523,551
40765,Clash of Cultures,4520,216
203420,Exit: The Game – The Abandoned Cabin,4519,176
66056,Rivals for Catan,4516,659
681,Quarto,4515,831
28,Illuminati:  Deluxe Edition,4513,1398
124172,Tsuro of the Seas,4510,1169
163,Balderdash,4507,1529
234,Hannibal: Rome vs. Carthage,4507,148
194879,Not Alone,4506,578
1269,Skip-Bo,4498,15775
155624,Specter Ops,4486,405
9203,Wings of War: Famous Aces,4479,819
16395,Blokus Duo,4478,801
1382,Winner's Circle,4474,689
204027,Cottage Garden,4454,646
28259,Cutthroat Caverns,4418,1187
19600,Antike,4408,589
177524,ICECOOL,4390,775
192457,Cry Havoc,4390,388
2593,Pass the Pigs,4383,15826
203993,Lorenzo il Magnifico,4371,133
32125,Felicity: The Cat in the Sack,4368,1124
112686,Epic Spell Wars of the Battle Wizards: Duel at Mt. Skullzfyre,4368,1319
25071,Munchkin Cthulhu,4367,2184
124,Primordial Soup,4345,698
43868,The Adventurers: The Temple of Chac,4341,1118
66505,The Speicherstadt,4332,617
116998,Thunderstone Advance: Towers of Ruin,4316,342
1353,Time's Up!,4312,394
113997,Tajemnicze Domostwo,4304,429
119,Kingdoms,4299,1075
126792,Myrmes,4288,421
162007,Steampunk Rally,4279,434
158600,Hanamikoji,4262,278
1159,Evo,4244,787
157526,Viceroy,4226,744
16496,Roma,4212,886
200147,Kanagawa,4196,526
128271,Ginkgopolis,4195,327
36345,Monty Python Fluxx,4194,2644
168584,Love Letter: Batman,4183,455
42776,Gears of War: The Board Game,4172,362
180593,The Bloody Inn,4168,699
30957,Tribune: Primus Inter Pares,4146,493
102104,Star Fluxx,4145,1752
224,History of the World,4140,622
163068,Trickerion: Legends of Illusion,4140,162
174660,New York 1901,4140,756
27710,Catan Dice Game,4139,5455
104710,Wiz-War (eighth edition),4131,620
18100,China,4127,653
4095,Star Munchkin,4125,2553
35815,A Touch of Evil: The Supernatural Game,4114,762
553,Chez Geek,4105,5903
2955,Mexica,4089,524
191977,The Castles of Burgundy: The Card Game,4079,583
199,Manhattan,4075,998
152162,Diamonds,4070,677
494,Ave Caesar,4054,1106
5737,Domaine,4054,671
43528,World Without End,4045,467
94,Union Pacific,4037,499
925,Werewolf,4035,1247
167400,Ashes: Rise of the Phoenixborn,4026,400
132,Caesar & Cleopatra,4011,1481
2338,Starship Catan,4008,838
233078,Twilight Imperium: Fourth Edition,4004,21
154246,La Isla,3998,748
181521,Warhammer Quest: The Adventure Card Game,3992,369
42052,Vinhos,3989,306
41002,Vasco da Gama,3964,457
1041,San Marco,3961,541
12902,Carcassonne: The City,3955,532
2346,DVONN,3937,363
179275,One Deck Dungeon,3914,503
157403,Black Fleet,3910,650
171233,The Big Book of Madness,3909,660
121297,Fleet,3907,718
91,Paths of Glory,3904,106
25643,Arkadia,3881,755
18258,Mission: Red Planet,3879,749
94362,Rune Age,3868,897
19100,Hacienda,3864,733
26990,Container,3857,582
361,Hare & Tortoise,3834,1112
136991,Loony Quest,3825,663
145659,Scoville,3810,539
4324,Risk: The Lord of the Rings,3809,3656
60,Vinci,3804,628
244992,The Mind,3803,665
25568,Metropolys,3775,657
161614,Stockpile,3774,284
240,Britannia,3770,568
34887,Revolution!,3760,1030
202408,Adrenaline,3756,544
121288,Dixit: Journey,3751,383
188920,This War of Mine: The Board Game,3749,163
195421,Near and Far,3741,126
156566,Lords of Xidit,3740,549
166669,San Juan (second edition),3737,268
421,1830: Railways & Robber Barons,3736,173
140603,Francis Drake,3726,344
70512,Luna,3717,409
103,Titan,3711,816
15,Cosmic Encounter,3710,839
21441,Mykerinos,3708,818
106217,Hawaii,3704,556
119432,Snowdonia,3698,357
155969,Harbour,3698,1255
157809,Nations: The Dice Game,3691,720
104363,Rex: Final Days of an Empire,3690,619
878,Wyatt Earp,3687,848
2596,Villa Paletti,3683,1433
21632,To Court the King,3662,1444
31563,Middle-Earth Quest,3650,452
104347,Santiago de Cuba,3648,782
34127,Ticket to Ride: The Card Game,3645,2116
170,Family Business,3634,2480
88408,Nightfall,3633,1346
24742,Cold War: CIA vs KGB,3628,1123
62227,"Labyrinth: The War on Terror, 2001 – ?",3624,299
201921,Tiny Epic Quest,3623,545
144592,Bruxelles 1893,3621,250
98351,Core Worlds,3616,546
1513,The Republic of Rome,3605,355
142326,Eight-Minute Empire: Legends,3602,681
6411,Blokus 3D,3599,926
22038,Warrior Knights,3599,867
35570,Tinners' Trail,3593,478
41916,The Magic Labyrinth,3591,855
22825,Tide of Iron,3586,613
170416,Vast: The Crystal Caverns,3583,495
163166,One Night Ultimate Werewolf Daybreak,3580,376
143515,Coal Baron,3559,484
182631,Star Realms: Colony Wars,3558,160
37628,Haggis,3557,709
163745,Star Wars: Armada,3552,190
1231,Bausack,3551,857
9625,Struggle of Empires,3539,349
3685,Hammer of the Scots,3537,315
528,ZÈRTZ,3534,506
132372,Guildhall,3530,730
17025,Friday the 13th,3528,1480
2136,Pachisi,3525,15944
109276,Kanban: Driver's Edition,3514,210
39339,Android,3508,1045
18866,Shear Panic,3505,1637
256,Mississippi Queen,3497,1633
65515,Nuns on the Run,3490,1341
35497,Fauna,3477,684
182134,Evolution: Climate,3472,231
986,Babel,3470,1086
137988,Zombicide Season 2: Prison Outbreak,3470,433
232043,Queendomino,3470,418
52461,Legacy: The Testament of Duke de Crecy,3469,560
171669,Discoveries,3461,595
4396,Odin's Ravens,3459,1108
113401,Timeline: Events,3458,959
2386,Chinese Checkers,3451,15896
34084,Witch's Brew,3448,701
217372,The Quest for El Dorado,3441,334
4143,Guess Who?,3435,15933
175621,Epic Card Game,3425,1445
37196,Sorry! Sliders,3417,1538
119788,Hyperborea,3411,536
158900,Samurai Spirit,3410,1001
191189,Aeon's End,3406,142
2163,Space Hulk,3397,450
158275,Marvel Dice Masters: Uncanny X-Men,3396,517
1403,Turn the Tide,3395,949
203427,Fabled Fruit,3394,615
233371,Clank! In! Space!,3391,159
179572,Dice City,3375,882
3307,Wallenstein (first edition),3366,364
119591,Rialto,3341,783
71671,Yggdrasil,3339,687
118063,Android: Infiltration,3335,1294
129948,The Palaces of Carrara,3334,562
19777,Indonesia,3330,191
38159,Ultimate Werewolf: Ultimate Edition,3323,700
213893,Yamataï,3317,538
150999,Valley of the Kings,3316,648
72225,CO₂,3306,569
551,Battle Cry,3300,645
16747,Tumblin-Dice,3300,614
21920,Leonardo da Vinci,3290,1003
194880,Dream Home,3289,791
24417,Factory Fun,3286,904
220877,Rajas of the Ganges,3272,261
55600,Shipyard,3265,456
149155,Dead Man's Draw,3260,947
29678,Munchkin Quest,3253,3957
205359,Star Wars: Destiny,3252,288
181810,Kodama: The Tree Spirits,3250,919
148319,Tragedy Looper,3249,533
115,I'm the Boss!,3244,962
4491,Cave Troll,3233,1623
6887,Hearts,3232,1578
5048,Candy Land,3227,15960
45986,Stronghold,3215,584
72321,The Networks,3212,540
151004,Smash Up: Science Fiction Double Feature,3207,504
249,Lifeboats,3195,1270
15985,Blood Bowl: Living Rulebook,3194,205
26566,Homesteaders,3193,522
200680,Agricola (Revised Edition),3191,107
481,Carolus Magnus,3189,936
131646,Merchant of Venus (second edition),3189,605
144553,The Builders: Middle Ages,3188,1396
176734,The Manhattan Project: Energy Empire,3188,203
42487,Lost Cities: The Board Game,3177,965
101785,D-Day Dice,3177,896
17392,Here I Stand,3176,179
36235,The Duke,3174,412
153065,Linko!,3172,710
106662,Power Grid: The First Sparks,3170,907
243,Advanced Squad Leader,3168,212
206941,First Class: All Aboard the Orient Express!,3167,336
491,Web of Power,3155,543
134352,Two Rooms and a Boom,3152,766
638,Hera and Zeus,3132,1458
340,Frank's Zoo,3131,1249
192458,51st State: Master Set,3131,258
169255,A Game of Thrones: The Card Game (Second Edition),3124,323
855,Java,3123,746
1339,Dungeon!,3115,3572
19999,Aton,3111,858
1117,You're Bluffing!,3108,1295
139976,Cthulhu Wars,3105,224
161533,Lisboa,3096,98
902,Meuterer,3092,841
119506,Freedom: The Underground Railroad,3086,314
106,Mystery Rummy: Jack the Ripper,3079,821
5894,Twister,3076,15940
108784,Ascension: Storm of Souls,3073,547
39206,Click Clack Lumberjack,3050,1507
203417,Exit: The Game – The Secret Lab,3049,529
19526,Elasund: The First City,3048,1194
1540,BattleTech,3047,868
95527,Madeira,3044,295
154809,Nippon,3044,248
18803,Black Stories,3041,2490
6707,Age of Mythology: The Boardgame,3037,2548
112138,Krosmaster: Arena,3028,973
95103,Fortune and Glory: The Cliffhanger Game,3026,747
73171,Earth Reborn,3022,290
12477,Bootleggers,3016,1165
31497,Oregon,3006,1025
16267,Trans Europa,3005,1220
131287,Panamax,3003,482
131325,Timeline: Diversity,3003,983
217449,NMBR 9,3000,767
3931,Mare Nostrum,2981,1105
25021,Sekigahara: The Unification of Japan,2981,141
181530,Runebound (Third Edition),2974,415
128996,1775: Rebellion,2972,257
117915,Yedo,2971,469
123096,Space Cadets,2969,1227
492,Aladdin's Dragons,2963,875
71061,DungeonQuest (third edition),2944,1310
8107,Risk: The Lord of the Rings Trilogy Edition,2940,1754
5432,Chutes and Ladders,2938,15961
30381,Hamburgum,2936,717
79127,Star Trek: Fleet Captains,2933,423
7,Cathedral,2931,1534
31105,Archaeology: The Card Game,2931,1152
180511,Shakespeare,2919,432
221194,Dinosaur Island,2919,242
25261,Tannhäuser,2915,1686
207336,Honshū,2913,735
382,Heimlich & Co.,2911,1568
95064,Ascension: Return of the Fallen,2907,579
193558,The Oracle of Delphi,2896,509
203416,Exit: The Game – The Pharaoh's Tomb,2887,488
195539,The Godfather: Corleone's Empire,2885,348
143185,Smash Up: The Obligatory Cthulhu Set,2883,1040
30645,Tammany Hall,2879,599
135382,Shadowrun: Crossfire,2878,639
24800,Conflict of Heroes: Awakening the Bear! – Russia 1941-42,2876,414
4099,Keythedral,2872,715
1035,Squad Leader,2863,497
3284,Star Wars: Epic Duels,2859,928
200077,Mint Works,2855,641
168679,Flip City,2853,1670
3737,Operation,2842,15953
13122,Antiquity,2842,198
160010,Conan,2831,338
634,River Dragons,2828,1582
12005,Around the World in 80 Days,2828,1357
183880,Risk: Star Wars Edition,2823,680
17710,Conquest of the Empire,2822,1172
40393,FITS,2817,1307
99975,Timeline: Discoveries,2815,1091
217,A la carte,2810,1509
234487,Altiplano,2809,379
155873,Power Grid Deluxe: Europe/North America,2803,153
66171,Dragonheart,2802,1342
1042,Dragon's Gold,2800,1560
129051,Le Havre: The Inland Port,2799,836
145639,Coconuts,2796,769
141517,A Study in Emerald,2795,627
134453,The Little Prince: Make Me a Planet,2791,892
15511,Fjords,2790,1131
130176,Tales & Games: The Hare & the Tortoise,2789,683
12495,Fire & Axe: A Viking Saga,2788,795
38386,A Castle for All Seasons,2788,1083
57390,Catacombs,2784,712
13780,In the Shadow of the Emperor,2779,874
69552,Panic Station,2778,2846
16772,Mall of Horror,2776,1297
40270,Call of Cthulhu: The Card Game,2770,930
154386,Medieval Academy,2752,800
29934,Amyitis,2746,830
65901,Age of Industry,2730,486
175199,Mottainai,2722,784
81453,Famiglia,2720,1491
24827,Traders of Osaka,2717,946
38343,Ad Astra,2711,932
43022,Yomi,2711,814
193042,Junk Art,2711,448
619,The Bottle Imp,2708,1090
1261,Medina,2707,763
184921,Bunny Kingdom,2701,525
142992,Gravwell: Escape from the 9th Dimension,2699,877
57925,Havana,2698,953
180852,Tiny Epic Western,2698,1162
191231,Via Nebula,2698,690
189932,Tyrants of the Underdark,2697,246
151347,Millennium Blades,2695,277
230080,Majesty: For the Realm,2692,732
201,The Rose King,2691,1023
2181,Bridge,2691,521
146791,Shadows of Brimstone: City of the Ancients,2680,274
943,Ligretto,2679,2393
151022,Baseball Highlights: 2045,2679,373
11901,Tic-Tac-Toe,2673,15962
142079,Space Cadets: Dice Duel,2671,979
875,Roads & Boats,2670,287
73369,51st State,2665,975
117985,Star Trek: Catan,2665,844
99875,Martian Dice,2661,1894
713,Nuclear War,2658,2377
987,Kingmaker,2656,1736
37120,Pack & Stack,2656,1650
6351,Gulo Gulo,2654,995
339,Quiddler,2650,2930
10653,Pirates of the Spanish Main,2649,3391
12194,Munchkin Bites!,2648,3300
221965,The Fox in the Forest,2642,502
168,Empire Builder,2641,981
128667,Samurai Sword,2641,1288
1544,Beyond Balderdash,2633,1073
111124,Dark Moon,2633,772
21550,Blokus Trigon,2622,935
13551,Oltre Mare,2620,1252
398,Wildlife Safari,2616,1331
19841,Pentago,2613,1755
466,Inkognito,2611,1439
207830,5-Minute Dungeon,2611,670
196,Kremlin,2608,884
2165,Pokémon Trading Card Game,2604,2495
23107,Drakon (third edition),2598,1547
527,GIPF,2592,752
67492,Battles of Westeros,2591,616
82168,Escape from the Aliens in Outer Space,2587,939
31999,TZAAR,2585,351
55427,Mr. Jack in New York,2584,634
108906,Thunder Alley,2581,558
176558,Mafia de Cuba,2577,1314
86955,Munchkin Zombies,2576,2327
54137,Battle Sheep,2571,1213
1410,Trouble,2564,15955
40760,Alea Iacta Est,2561,1267
105037,Tournay,2560,797
168917,Smash Up: Pretty Pretty Smash Up,2560,593
159109,XenoShyft: Onslaught,2559,833
123123,BattleCON: Devastation of Indines,2553,217
120217,City of Horror,2543,1208
90305,Cargo Noir,2540,1595
31016,We Didn't Playtest This At All,2536,13048
41933,Arctic Scavengers,2536,978
227789,Heaven & Ale,2534,370
17240,That's Life!,2532,1563
4192,Warhammer,2530,1353
125,Money!,2527,1464
197070,Massive Darkness,2527,638
32116,Airships,2526,1702
157789,Pandemic: Contagion,2522,1618
10997,Boomtown,2521,1462
85897,Thunderstone: Dragonspire,2514,572
230,Merchant of Venus,2511,729
128442,Relic,2509,1142
36553,Time's Up! Title Recall!,2508,303
3633,Sid Meier's Civilization: The Boardgame,2503,13794
42910,Peloponnes,2499,711
153064,Good Cop Bad Cop,2492,1202
193621,Joking Hazard,2492,1683
174785,Mare Nostrum: Empires,2487,389
1295,Pente,2486,1452
154458,Akrotiri,2485,600
228341,Pulsar 2849,2478,316
20545,Rory's Story Cubes,2477,1887
29223,Marrakech,2476,1239
37198,Risk (Revised Edition),2476,3274
1502,Hotel Tycoon,2471,15593
715,Escape from Colditz,2470,1453
65611,Cthulhu Dice,2468,15853
17161,Tempus,2464,1550
1515,Upwords,2461,5801
134253,Hostage Negotiator,2460,802
23094,Planet Steam,2459,702
354,Sticheln,2457,824
228,Lunch Money,2454,10880
125548,Pixel Tactics,2453,873
162286,Super Motherload,2450,496
859,Illuminati,2446,2511
205398,Citadels,2445,565
145189,Timeline: Music & Cinema,2444,1132
472,DungeonQuest,2441,1327
5206,Ogre,2441,1029
16991,Khet: The Laser Game,2440,1535
46255,Campaign Manager 2008,2439,1278
147303,Carcassonne: South Seas,2437,758
50768,Ninjato,2435,658
41010,My First Carcassonne,2431,1257
232918,Fallout,2426,880
594,Sleuth,2420,970
194626,Happy Salmon,2420,972
85325,Kolejka,2419,1259
160018,Smash Up: Monster Smash,2418,607
220520,Caverna: Cave vs Cave,2414,594
12761,Ys,2411,945
13884,The Scepter of Zavandor,2407,887
3570,Chicken Cha Cha Cha,2403,1436
98229,Pictomania,2398,611
2507,Liberté,2396,724
908,Tally Ho!,2394,2533
160495,ZhanGuo,2394,399
33451,The Red Dragon Inn 2,2392,1064
156776,"Warhammer 40,000: Conquest",2388,630
65907,Mystery Express,2383,1478
66587,GOSU,2380,1488
162,The Awful Green Things From Outer Space,2376,1666
168609,"Artifacts, Inc.",2376,1010
172047,The Others,2376,602
7479,WarCraft: The Board Game,2374,2772
5576,Dungeoneer: Tomb of the Lich Lord,2372,2696
3243,Wooly Bully,2371,2668
92190,Super Dungeon Explore,2370,1126
4174,Lifeboat,2367,1902
16933,Super Munchkin,2365,4198
84419,Space Empires: 4X,2365,445
82421,Summoner Wars: Phoenix Elves vs Tundra Orcs,2360,466
177590,13 Days: The Cuban Missile Crisis,2360,512
2569,Pick Picknic,2358,1484
72991,Asara,2358,834
179172,Unfair,2356,647
122159,Cthulhu Fluxx,2352,2769
34194,Aquaretto,2349,891
170561,Valeria: Card Kingdoms,2348,570
111341,The Great Zimbabwe,2346,329
92319,Olympos,2343,918
178336,World's Fair 1893,2343,661
520,Axis & Allies: Europe,2339,1794
1568,Space Crusade,2333,1077
181687,The Pursuit of Happiness,2331,662
128,Take it Easy!,2330,1418
128780,Pax Porfiriana,2328,381
265,Intrigue,2324,1852
27848,Age of Conan: The Strategy Board Game,2319,1374
215311,Downforce,2319,555
27356,Portobello Market,2318,1765
23686,GiftTRAP,2316,1789
21791,Masons,2310,1532
12891,Friedrich,2309,498
14808,Marvel Heroes,2309,1876
116954,Indigo,2308,1046
104020,Vanuatu,2304,678
158339,Lost Legacy: The Starship,2302,1322
15318,Palazzo,2301,1500
192836,The Colonists,2300,335
39684,Merkator,2298,846
165722,KLASK,2293,438
18723,"Aye, Dark Overlord! The Red Box",2292,3786
35503,Ra: The Dice Game,2286,1139
66,Löwenherz,2278,840
165950,Beasty Bar,2271,1080
3837,Rat-a-Tat Cat,2264,2499
91873,Strasbourg,2264,731
10383,Risk: Godstorm,2249,2419
70,Big City,2245,1028
24773,On the Underground,2243,993
167698,Magic: The Gathering – Arena of the Planeswalkers,2243,1913
38862,Giants,2242,922
337,Circus Flohcati,2240,1381
99,Fortress America,2238,1370
91523,Mondo,2234,1531
232832,Century: Golem Edition,2233,350
9028,Tongiaki: Journey into the Unknown,2225,2270
68182,Isla Dorada,2220,1261
2679,Mouse Trap,2219,15952
148261,SeaFall,2219,1693
141736,Sail to India,2218,1146
201825,Ex Libris,2217,666
3439,HeroClix,2216,1811
179303,Cthulhu Realms,2216,1193
229220,Santa Maria,2214,436
17835,Monsters Menace America,2212,3313
183562,Star Wars: X-Wing Miniatures Game – The Force Awakens Core Set,2207,252
139898,Brew Crafters,2205,481
40354,Maria,2203,256
16366,Funny Friends,2200,1681
214,Café International,2196,2137
15510,Tower of Babel,2195,1354
1301,Netrunner,2185,612
156689,Legendary: Villains – A Marvel Deck Building Game,2184,462
204,Stephenson's Rocket,2177,1061
6068,Queen's Necklace,2177,1776
3228,Pueblo,2175,1043
195544,Tides of Madness,2173,971
1260,Rook,2171,2002
17396,Manoeuvre,2171,664
1634,Warhammer Quest,2165,676
82420,Summoner Wars: Guild Dwarves vs Cave Goblins,2162,479
17449,Beowulf: The Legend,2160,1901
8190,The Bridges of Shangri-La,2159,1210
4394,The Settlers of the Stone Age,2158,1495
60435,Rallyman,2154,743
237182,Root,2152,181
917,Rack-O,2151,7496
6830,Zendo,2149,694
118174,Compounded,2149,1157
19370,Quelf,2148,15819
232,Serenissima (first edition),2146,1140
2162,"Warhammer 40,000",2145,1939
156943,Saint Petersburg (second edition),2143,494
185589,Islebound,2143,672
949,Twixt,2137,1566
113289,Snake Oil,2135,1269
244522,Ganz schön clever,2135,468
632,Cloud 9,2126,1698
73538,Pirate Fluxx,2123,2552
38996,Washington's War,2122,443
2582,Catch Phrase!,2121,2144
55697,Power Struggle,2119,911
90040,Pergamon,2117,1007
1275,221B Baker Street: The Master Detective Game,2114,3660
197831,Dark Souls: The Board Game,2113,1677
1270,Star Wars Customizable Card Game,2112,1552
17053,Sleeping Queens,2112,1960
9027,Oasis,2107,1300
437,Master Labyrinth,2106,2148
9823,Advanced Squad Leader: Starter Kit #1,2106,420
27976,Heroscape Master Set: Swarm of the Marro,2106,515
175640,Vinhos Deluxe Edition,2106,170
6607,Munchkin Fu,2104,4219
25951,The Castle of the Devil,2094,1783
62222,Commands & Colors: Napoleonics,2090,304
135779,A Fake Artist Goes to New York,2080,811
4218,O Zoo le Mio,2076,1449
28089,Château Roquefort,2073,1117
181345,Dr. Eureka,2073,1311
2122,Vampire: The Eternal Struggle,2065,960
176083,Hit Z Road,2061,1190
216459,The Lost Expedition,2060,786
1797,Pay Day,2058,15926
144797,Argent: The Consortium,2058,406
171011,Favor of the Pharaoh,2057,1129
34707,The Hanging Gardens,2049,1215
155708,Tiny Epic Defenders,2045,1992
4471,Fist of Dragonstones,2042,2516
120523,Nothing Personal,2041,813
32441,Bezzerwizzer,2035,1997
8129,Sluff Off!,2034,1078
35052,Axis & Allies Anniversary Edition,2031,741
26,Age of Renaissance,2023,909
180680,Automobiles,2023,624
16216,Carcassonne: The Discovery,2022,1696
111417,The Great Heartland Hauling Co.,2022,1026
192860,Oceanos,2022,999
37400,Sushizock im Gockelwok,2021,1728
176165,Dale of Merchants,2019,794
32341,Cockroach Salad,2016,2556
182189,Treasure Hunter,2015,1232
3800,Himalaya,2014,963
1475,Careers,2008,4961
34615,New World: A Carcassonne Game,2008,1781
176,Give Me the Brain!,2007,4271
197443,Fugitive,2007,649
29937,König von Siam,2006,1039
196326,Love Letter Premium,2002,559
122,Quo Vadis?,2001,1773
3085,Gang of Four,2000,1545
108044,Nefarious,1996,1961
2795,Car Wars,1995,2108
75358,Paris Connection,1995,1230
157096,Historia,1994,1016
151007,Pathfinder Adventure Card Game: Skull & Shackles – Base Set,1989,674
40990,Word on the Street,1987,1501
586,Up Front,1985,396
4529,Hellas,1985,2359
442,Um Reifenbreite,1982,1153
225694,Decrypto,1980,384
40237,Long Shot,1979,1335
8045,Princes of the Renaissance,1978,623
37371,Piece o' Cake,1978,1504
938,Enchanted Forest,1977,5463
6795,Battleball,1977,2258
103185,Walnut Grove,1975,964
94246,1812: The Invasion of Canada,1974,654
200954,Fields of Green,1974,761
939,Star Wars: The Queen's Gambit,1967,571
67239,Catan Histories: Settlers of America – Trails to Rails,1964,1189
8170,Return of the Heroes,1962,1732
7806,King Me!,1961,1971
156546,Monikers,1961,441
156091,Sons of Anarchy: Men of Mayhem,1960,707
7688,Memory,1959,15922
204305,Sherlock Holmes Consulting Detective: Jack the Ripper & West End Adventures,1958,312
38992,Royal Palace,1957,1093
114031,Copycat,1956,1224
107255,Evo (second edition),1951,1031
1608,Ambush!,1950,704
232219,Dragon Castle,1950,692
15290,R-Eco,1948,1467
191051,Outlive,1945,629
2944,Halli Galli,1940,4660
129090,Roll For It!,1939,2787
8924,Dancing Eggs,1935,1833
67877,Anomia,1931,1569
6901,Euchre,1926,1334
164265,Witness,1926,685
4249,Trias,1925,1746
91534,Struggle for Catan,1921,2509
174570,Legendary Encounters: A Predator Deck Building Game,1919,575
37919,Ascending Empires,1917,808
32412,Palastgeflüster,1916,1260
35761,Sylla,1915,1268
700,Battle Masters,1913,2725
30658,Rise of Empires,1913,912
148943,Coup: Rebellion G54,1908,923
143405,Sylvion,1907,805
156714,Doomtown: Reloaded,1907,863
141423,Dead Men Tell No Tales,1901,898
144270,Relic Runners,1884,1472
85005,The Boss,1883,1155
22198,Great Wall of China,1873,2329
205610,A Game of Thrones: Hand of the King,1873,1325
56931,Arena: Roma II,1872,1076
91620,Pastiche,1872,1191
5895,Hungry Hungry Hippos,1865,15947
62220,Urban Sprawl,1864,1306
187377,Vikings Gone Wild,1863,765
41863,Axis & Allies: 1942,1862,1338
14254,PitchCar Mini,1854,1057
161866,Zombicide Season 3: Rue Morgue,1854,610
180040,Villages of Valeria,1853,906
156858,Black Orchestra,1852,598
177678,Signorie,1847,631
9441,Ribbit,1844,1383
67928,Puzzle Strike,1842,1429
102237,Drako,1841,1459
23142,Mag·Blast (Third Edition),1840,3036
903,Hamsterrolle,1839,1211
205597,Jump Drive,1835,931
592,Spades,1833,1376
172381,My Village,1831,950
1334,Entdecker: Exploring New Horizons,1829,1667
75449,Firenze,1829,771
28620,Phoenicia,1826,1607
36522,2 de Mayo,1822,1072
178054,A Study in Emerald (second edition),1821,1034
1262,Axis & Allies: Pacific,1819,1668
159473,Quartermaster General,1819,696
2025,Frag,1818,6786
7865,10 Days in Africa,1818,1673
7866,10 Days in the USA,1818,1836
191876,Ulm,1817,871
37387,Steel Driver,1815,992
22,Magic Realm,1814,968
125921,Catan: Junior,1813,1490
34297,The Climbers,1812,1111
34599,Toledo,1812,2214
217085,Unearth,1812,1125
8095,Prophecy,1809,1506
22484,Ingenious: Travel Edition,1809,908
150997,Shadows of Brimstone: Swamps of Death,1807,375
635,Formula Motor Racing,1804,1977
4040,Tri-Ominos,1804,15807
40769,Valdora,1801,1272
135219,The Battle of Five Armies,1799,387
31624,League of Six,1798,1256
147116,The Witcher Adventure Game,1797,2165
103092,Helvetia,1796,1000
127997,Qin,1795,1290
701,A House Divided,1791,986
29073,Blockers!,1791,1397
35435,Nefertiti,1791,1042
198525,Lotus,1791,1302
237,Wooden Ships & Iron Men,1790,1084
10081,Axis & Allies: D-Day,1790,2152
5406,New England,1788,1761
72,Verräter,1787,1380
21954,Perikles,1787,1094
29294,World of Warcraft: The Adventure Game,1786,2834
67185,Sobek,1786,1427
38194,Cheaty Mages!,1780,2212
195043,Welcome Back to the Dungeon,1780,1143
21654,Iliad,1778,1703
164338,The Golden Ages,1778,740
98315,The Adventurers: The Pyramid of Horus,1774,1347
132018,Churchill,1773,516
38531,Powerboats,1771,1371
204836,Escape Room: The Game,1771,799
6424,Pick Up Sticks,1763,15942
181524,Masmorra: Dungeons of Arcadia,1761,980
26997,1989: Dawn of Freedom,1758,430
152,Mü & More,1756,866
6752,Attack!,1756,4551
69779,Polis: Fight for the Hegemony,1755,534
19643,World of Warcraft Trading Card Game,1751,1651
195314,Herbaceous,1747,903
144041,Patchistory,1746,827
165986,Royals,1746,853
222509,Lords of Hellas,1746,419
1032,B-17: Queen of the Skies,1745,1234
1107,Nyet!,1744,1241
31920,Munchkin Booty,1744,2627
443,Code 777,1743,1403
45134,Arcana,1735,2715
24703,Heroscape Marvel: The Conflict Begins,1732,1148
158435,Dogs of War,1731,644
1472,Five Crowns,1728,4206
112373,BraveRats,1728,1846
7316,Bingo,1725,15959
9910,Wings of War: Watch Your Back!,1725,1136
12589,Razzia!,1725,1281
151247,Greed,1725,1402
205158,Codenames: Deep Undercover,1725,1474
208895,New York Slice,1720,1263
18745,Sun Tzu,1718,1024
195856,Bloodborne: The Card Game,1718,1212
167513,Barony,1717,996
38863,Hab & Gut,1712,990
207691,Railroad Revolution,1711,682
8124,Industria,1710,1855
25224,Hermagor,1710,1158
111799,Cuba Libre,1710,501
2570,Atlantic Star,1709,1204
403,Elk Fest,1705,2558
212402,The Grimm Forest,1705,859
46807,Infinite City,1702,2528
139771,Star Trek: Attack Wing,1702,961
178570,Unusual Suspects,1701,1711
883,Ivanhoe,1697,1724
29972,El Capitán,1690,1305
3072,Necromunda,1688,860
5867,10 Days in Europe,1688,1641
76674,String Railway,1688,1964
9341,Lost Valley,1686,1337
198454,When I Dream,1686,888
136280,La Boca,1682,1067
192135,Too Many Bones,1682,238
152237,Pairs,1681,2036
32666,Wealth of Nations,1679,1167
38545,Kamisado,1679,1135
333,Waterworks,1676,14422
12004,Candamir: The First Settlers,1676,2736
55253,Atlantis,1676,1768
3181,Farkle,1675,15098
96713,Deadwood,1675,1983
117960,Saint Malo,1675,1801
137649,Level 7 [Omega Protocol],1673,651
192455,First Martians: Adventures on the Red Planet,1673,1441
38506,Witch of Salem,1672,1589
233247,Sid Meier's Civilization: A New Dawn,1672,773
1197,Blink,1671,3738
1915,Middle-earth,1670,944
6050,Duel of Ages Set 1: Worldspanner,1670,1813
60131,Ugg-Tect,1668,2209
75165,De Vulgari Eloquentia,1667,823
166226,The Staufer Dynasty,1667,862
23730,Gheos,1666,1744
25674,Khronos,1666,2074
37358,Founding Fathers,1666,1058
144239,Impulse,1666,1182
691,Timbuktu,1665,1479
140863,Council of Verona,1663,2069
170771,Sword & Sorcery,1663,465
1563,Rise and Decline of the Third Reich,1662,1473
19948,Rum & Pirates,1661,1989
32484,The Battle for Hill 218,1661,1536
146130,Coin Age,1660,2849
148203,Dutch Blitz,1660,1843
193214,Meeple Circus,1659,929
63759,Seeland,1658,1119
195162,Plague Inc.: The Board Game,1656,832
111148,Würfel Bohnanza,1655,1523
380,Polarity,1654,2087
154509,Kingsport Festival,1649,1416
24509,Ruse & Bruise,1646,2017
105593,Cheating Moth,1646,1949
1038,Tantrix,1643,2254
157,Eurorails,1642,1100
175324,Fog of Love,1641,759
175,Beat the Buzzard,1640,1905
193949,Star Trek: Ascendancy,1636,609
205322,The Oregon Trail Card Game,1635,15936
37907,Diamonds Club,1631,1015
147253,The Ancient World,1626,991
60579,Poo: The Card Game,1625,7938
2393,Xiangqi,1622,1049
176544,Automania,1621,757
146418,Warhammer: Diskwars,1619,1019
65282,Tanto Cuore,1615,1382
103649,The City,1615,1729
115105,Kittens in a Blender,1615,5466
79073,Resident Evil Deck Building Game,1614,2046
154086,Gold West,1613,693
86246,Drum Roll,1609,1141
10934,Things...,1608,3085
144826,Zombie 15',1606,1214
1298,Monopoly: Star Wars,1603,15907
22287,Buccaneer,1603,2281
23451,Space Dealer,1603,1694
18098,Napoleon's Triumph,1599,408
152470,Fief: France 1429,1592,781
205716,New Angeles,1592,883
123219,OddVille,1589,1316
655,Castle,1587,2915
103686,Mundus Novus,1587,1492
140717,Progress: Evolution of Technology,1586,1672
24762,Medici vs Strozzi,1585,1815
163413,Murano,1585,851
150145,Skull King,1583,917
85036,20th Century,1580,1217
186751,Mythic Battles: Pantheon,1580,313
191894,Imagine,1580,1168
73,Show Manager,1579,1079
137330,Cube Quest,1579,1318
7804,Dracula,1578,2578
29839,Key Harvest,1578,1355
53093,Heroes of Normandie,1577,739
71021,Evolution: The Origin of Species,1575,2409
22348,Duplik,1573,1183
89910,"Run, Fight, or Die!",1573,1180
40381,Masters Gallery,1571,1658
21641,Aquädukt,1570,1999
805,Buffy the Vampire Slayer: The Game,1567,1709
117942,Zooloretto: The Dice Game,1564,1925
1923,MindTrap,1563,15916
589,Wiz-War,1562,1375
1536,Lord of the Fries,1562,3686
8946,Coda,1561,3010
129351,The Cave,1561,1767
171879,Kraftwagen,1561,804
3421,StreetSoccer,1560,1760
30367,Perry Rhodan: The Cosmic League,1560,1363
36811,The Princes of Machu Picchu,1560,1115
1887,Legend of the Five Rings,1556,1069
123607,Puzzle Strike (Third Edition),1552,914
153,Take 5!,1551,2042
144189,Fire in the Lake,1551,428
19,Wacky Wacky West,1550,2293
221318,Whistle Stop,1550,916
67888,Lords of Scotland,1548,1428
20134,The End of the Triumvirate,1547,1350
58,Kings & Things,1546,1864
287,Bazaar,1546,1877
1690,Unexploded Cow,1546,3184
54307,Chronicle,1546,1366
20022,Terra Nova,1545,2045
191300,Archaeology: The New Expedition,1544,997
71906,Castaways,1539,1102
38765,Ground Floor,1538,1017
814,Aquarius,1536,3590
14,Basari,1535,1417
40214,Bombay,1534,2171
202670,Ticket to Ride: Rails & Sails,1534,829
123499,City of Iron,1532,876
35505,Walk the Plank!,1531,1731
33468,Zombie in my Pocket,1528,2485
224597,Warhammer Underworlds: Shadespire,1528,530
144529,Theseus: The Dark Orbit,1526,1038
139899,VivaJava: The Coffee Game: The Dice Game,1520,1425
827,Attila,1519,1906
180899,Ponzi Scheme,1518,915
2238,PanzerBlitz,1515,2072
66588,Wits & Wagers Family,1515,1206
203430,Fuji Flush,1515,1824
153999,"...and then, we held hands.",1514,2493
158243,Dragon Slayer,1514,7504
80771,Dungeon Raiders,1511,1649
61692,Axis & Allies Europe 1940,1509,845
66214,Samarkand: Routes to Riches,1508,1273
224517,Brass: Birmingham,1508,192
153507,Terra,1507,1362
236191,London (second edition),1507,576
19301,Mesopotamia,1504,1810
123239,Wits & Wagers Party,1503,1308
69120,Cadwallon: City of Thieves,1502,2456
17027,Sitting Ducks Gallery,1501,3127
34373,Tiki Topple,1500,2023
95234,Cthulhu Gloom,1500,2173
234277,Nusfjord,1500,679
5336,Talisman (third edition),1499,2596
1822,Wilderness War,1497,608
4488,Scarab Lords,1496,3179
159503,The Captain Is Dead,1496,941
216092,Unlock! Squeek & Sausage,1496,850
94480,Pantheon,1495,1392
230933,Merlin,1495,1060
63543,Horus Heresy (2010),1493,1147
71882,Conquest of Planet Earth: The Space Alien Game,1492,1301
4862,Outburst!,1491,4939
9829,Runebound (First Edition),1490,3043
44,David & Goliath,1489,1968
3141,The Bucket King,1489,2237
3565,Mordheim: City of the Damned,1488,1020
134157,Guilds of London,1486,1185
140519,Myth,1486,1922
568,Rage,1485,2737
6366,Dungeons & Dragons: The Fantasy Adventure Board Game,1485,2181
20080,Aqua Romana,1485,2274
531,Merchants of Amsterdam,1484,1553
216091,Unlock! The Formula,1483,989
38548,Fast Flowing Forest Fellers,1482,1844
11229,Star Wars Miniatures,1480,1516
41833,Creationary,1480,3692
153016,Telestrations: 12 Player Party Pack,1478,580
89409,BattleCON: War of Indines,1477,577
19764,PÜNCT,1476,1399
11634,Mexican Train,1475,11524
244,Circus Maximus,1472,1645
30618,Eat Poop You Cat,1472,722
80006,Mord im Arosa,1470,1778
132028,Conflict of Heroes: Awakening the Bear! (second edition),1466,477
130,Iron Dragon,1463,1332
1899,13 Dead End Drive,1457,4758
6263,King's Breakfast,1457,2690
169,En Garde,1455,1962
420,Rail Baron,1455,1998
137095,The Witches: A Discworld Game,1452,3061
192074,Odin's Ravens (Second Edition),1450,1085
2476,Industrial Waste,1449,1517
20806,Three-Dragon Ante,1449,2119
66424,Dungeon Run,1449,2570
111105,Agents of SMERSH,1449,1138
43152,Assyria,1448,1333
83629,The Hobbit,1448,3427
85250,The Dwarf King,1448,1853
133632,Mythotopia,1447,1289
118536,Police Precinct,1446,1262
135649,Tales & Games: The Three Little Pigs,1446,1919
154182,Helios,1446,1378
191572,Animals on Board,1444,1543
111,Rheinländer,1442,1717
5781,"Edel, Stein & Reich",1440,1287
7480,Sword of Rome,1439,890
13301,Caribbean,1439,2634
71074,Expedition: Northwest Passage,1439,1113
6779,The Ark of the Covenant,1438,1197
47055,High Frontier,1436,815
2639,Panzer Leader,1435,1982
3522,LCR,1434,15957
98085,Seven Dragons,1433,2604
113636,Edo,1433,1055
2266,Gobblet,1432,1874
118695,Riff Raff,1429,1248
242574,Century: Eastern Wonders,1429,754
1155,Capitol,1428,1443
40425,Maori,1428,1691
180564,Carcassonne: Star Wars,1428,1483
233867,Welcome To...,1428,656
357,Excape,1427,2323
444,Escape from the Hidden Castle,1427,2100
29308,Beowulf: The Movie Board Game,1427,2319
139443,Superfight,1425,3900
130882,Cardline: Animals,1424,1795
157001,Trains: Rising Sun,1424,719
1501,Masterpiece,1423,11747
182694,Watson & Holmes,1421,807
166286,Bottom of the 9th,1420,1315
173442,Empires: Age of Discovery,1419,490
175293,Trambahn,1417,1192
3720,Subbuteo,1416,1348
211534,Bears vs Babies,1415,10947
1597,Streetcar,1414,2004
165401,Wir sind das Volk!,1414,537
195560,Wasteland Express Delivery Service,1413,750
199792,Everdell,1413,472
168681,Beyond Baker Street,1412,1179
181796,The Prodigals Club,1410,826
195528,La Granja: No Siesta,1410,1229
110,Auf Achse,1404,2545
22278,12 Thieves,1404,2110
28025,Wicked Witches Way,1404,2124
28723,Before the Wind,1404,1663
142325,Kobayakawa,1404,2273
164812,Roll For It! Deluxe Edition,1404,1775
138233,Ascension: Rise of Vigil,1402,1014
173101,Council of 4,1402,1004
218333,Rhino Hero: Super Battle,1400,852
174078,Holmes: Sherlock & Mycroft,1398,1286
15045,Risk: Star Wars – The Clone Wars Edition,1396,3823
142852,DC Comics Deck-Building Game: Heroes Unite,1396,934
206051,Insider,1395,1070
104955,Antike Duellum,1394,1037
122842,Exodus: Proxima Centauri,1394,1011
173200,Epic Spell Wars of the Battle Wizards: Rumble at Castle Tentakill,1394,1604
79131,Star Trek: Expeditions,1392,2041
140535,Koryŏ,1391,1583
58936,Wars of the Roses: Lancaster vs. York,1385,881
33107,Senji,1384,1944
92044,Dungeons & Dragons: Conquest of Nerath Board Game,1384,1414
145203,Prosperity,1384,1522
21754,Nottingham,1383,2488
118418,Divinare,1383,1524
40770,The Golden City,1382,1740
172933,Dragonwood,1382,1630
31483,Constantinopolis,1380,1329
30241,Patrician,1377,1747
167270,Medina (second edition),1377,900
58110,Horse Fever,1376,1277
168788,Rum & Bones,1374,1196
183231,Adventure Land,1374,1236
27463,Galactic Emperor,1373,1695
38823,Conflict of Heroes: Storms of Steel! – Kursk 1943,1373,640
129050,P.I.,1372,1567
189052,Sea of Clouds,1372,1465
119391,Il Vecchio,1371,1264
3972,Catan: Portable Edition,1370,1558
27048,Duel in the Dark,1370,1753
95105,1st & Goal,1369,1770
29109,Dust,1367,2097
41066,Virgin Queen,1365,475
141932,The Agents,1365,2304
181293,Alien Artifacts,1364,1379
75476,Inca Empire,1363,1116
158340,Lost Legacy: Flying Garden,1362,1546
24037,Escape from Atlantis,1360,1920
153097,Heroes Wanted,1354,1520
41569,The Great Fire of London 1666,1353,1941
131014,Carcassonne: Winter Edition,1353,785
194690,Viral,1353,1107
5072,Carrom,1352,1246
40444,Livingstone,1351,2123
73316,Magnum Sal,1350,1237
222,Space Beans,1349,3137
177249,The Manhattan Project: Chain Reaction,1348,1909
122294,Ascension: Immortal Heroes,1344,870
1484,Clue: The Great Museum Caper,1343,1664
36648,Pyramid of Pengqueen,1342,1358
96613,Alcatraz: The Scapegoat,1342,2305
55829,Axis & Allies Pacific 1940,1341,994
173064,Leaving Earth,1340,632
10167,Zombies!!! 4: The End...,1338,3117
40832,Keltis: Das Kartenspiel,1338,1621
130960,Triumph & Tragedy,1337,393
169611,Love Letter: The Hobbit – The Battle of the Five Armies,1337,1137
35488,The Name of the Rose,1336,1557
117,Ta Yü,1335,1320
31133,Ice Flow,1335,2141
91984,Québec,1334,1068
233678,Indian Summer,1334,1368
2603,The Lord of the Rings Trading Card Game,1332,1540
3236,WildLife,1332,1682
4864,Scene It? Movie,1332,13808
11231,Snorta!,1331,3170
15033,Australia,1331,1969
19947,Ark,1331,2505
40508,Scrabble Slam!,1331,15847
176361,One Night Revolution,1330,2687
162823,El Gaucho,1328,1456
172385,Porta Nigra,1328,967
91080,Andean Abyss,1326,790
29581,Tomb,1325,2416
160964,Star Wars: Empire vs. Rebellion,1325,2276
123570,Strike,1324,1622
205494,"Machi Koro: Bright Lights, Big City",1323,1602
212445,Blood Bowl (2016 edition),1322,510
21464,California,1321,2571
59,Giganten,1320,1580
12681,Neuland,1320,1984
3267,Pizarro & Co.,1319,1869
75,Falling,1318,13990
160902,Dungeons & Dragons Dice Masters: Battle for Faerûn,1318,894
9,El Caballero,1317,2049
138431,Galaxy Defenders,1317,893
1297,Trivial Pursuit: Star Wars Classic Trilogy Collector's Edition,1315,13547
168274,Mistfall,1315,1612
172220,Dungeons & Dragons: Temple of Elemental Evil Board Game,1314,974
195137,Catacombs (third edition),1313,669
124380,Ladies & Gentlemen,1312,1895
235,Blackbeard,1311,2473
146221,Forge War,1311,955
173341,Loopin' Chewie,1310,2226
550,Barbarossa,1306,2301
219215,Werewords,1306,951
135116,Rent a Hero,1305,2217
1419,Pylos,1304,2560
24304,Unspeakable Words,1303,2645
154825,Arkwright,1303,567
192934,Colony,1303,1704
28181,Combat Commander: Pacific,1301,464
310,Wizard's Quest,1299,3047
2750,Imaginiff,1299,13153
200,Entdecker,1298,2077
184522,Dead Last,1298,2070
160610,Thunderbirds,1297,843
175307,Adventure Time Love Letter,1297,1071
9408,Dos Rios,1296,2132
8222,Spank the Monkey,1294,4202
171890,Best Treehouse Ever,1293,1730
187617,Nemo's War (second edition),1292,485
3154,Nautilus,1289,2299
73070,Olympus,1289,1421
15953,Wings of War: Burning Drachens,1288,1188
27385,Alchemist,1288,2605
179803,Arcadia Quest: Inferno,1288,470
108,TAMSK,1286,1564
1768,Fireball Island,1284,2450
40831,The Pillars of the Earth: Builders Duel,1284,1865
9675,La Strada,1283,2755
15600,Kreta,1283,1415
137031,Ancient Terrible Things,1283,1460
87890,Prêt-à-Porter,1281,1035
136056,Asante,1280,1361
2290,Phantoms vs Phantoms,1277,2306
128554,Völuspá,1275,1689
183006,Qwinto,1275,1128
146312,Ghost Fightin' Treasure Hunters,1273,1163
184151,Legend of the Five Rings: The Card Game,1272,737
175223,Valley of the Kings: Afterlife,1270,925
348,Merchants of the Middle Ages,1269,1581
137909,Bugs in the Kitchen,1268,2563
833,For the People,1267,723
76150,Revolver,1267,1413
25234,Catan Histories: Struggle for Rome,1266,2118
32165,Darjeeling,1266,1965
163640,Eminent Domain: Microcosm,1266,1943
177802,Smash Up: It's Your Fault!,1265,776
847,Feudal,1264,3771
2065,Shogi,1264,1092
169794,Haspelknecht,1264,943
175878,504,1263,2167
195571,Legendary Encounters: A Firefly Deck Building Game,1262,1044
235488,Istanbul: The Dice Game,1262,1059
172552,Karmaka,1261,1699
27,Supremacy,1260,13915
143404,Castellion,1260,1284
165838,Space Hulk (fourth edition),1260,636
216734,Dice Throne: Season One,1260,856
2557,Castle Risk,1259,15343
37734,Cavum,1259,1636
157413,New Bedford,1258,1099
121423,Skyline,1257,3509
2808,The Russian Campaign,1256,1101
3452,Emerald,1254,2309
12346,Spooky Stairs,1254,2228
2961,Confusion:  Espionage and Deception in the Cold War,1253,1149
158889,Summoner Wars: Alliances Master Set,1253,454
17405,1846: The Race for the Midwest,1251,500
143157,SOS Titanic,1251,1739
229,King of the Elves,1250,2703
27940,RattleSnake,1250,4212
38984,Mow,1249,2802
10816,Blackjack,1248,15923
293,Bamboleo,1246,2333
180956,One Night Ultimate Vampire,1244,1572
19427,Gemblo,1243,1562
141,Andromeda,1239,2308
154634,Yardmaster,1238,2272
37696,The Stars Are Right,1237,2583
73863,Grimoire,1234,2195
300,Tutankhamen,1232,3095
2288,Blood Bowl (Second Edition),1232,1665
130877,Blood Bound,1232,1821
1499,World in Flames,1231,966
12632,Goldbräu,1230,2238
138649,DC Comics Dice Masters: Justice League,1230,865
154301,The Battle at Kemble's Cascade,1230,1594
1315,Africa,1229,3558
4610,Lord of the Rings: The Duel,1229,4083
66849,Safranito,1229,1407
67180,Tikal II: The Lost Temple,1228,1446
118705,Ghost Blitz 2,1228,1611
96260,Dominant Species: The Card Game,1227,3382
104581,Panic on Wall Street!,1227,1336
66510,The Red Dragon Inn 3,1226,1258
127127,The Lord of the Rings: The Fellowship of the Ring Deck-Building Game,1226,1638
4209,Monza,1225,1897
218530,Tortuga 1667,1225,1351
3655,The Settlers of Canaan,1223,1978
6205,Europe Engulfed,1223,948
65673,Masques,1223,2038
2379,Guesstures,1222,4077
146735,Munchkin Adventure Time,1221,2368
63706,11 nimmt!,1219,2564
6281,Eketorp,1218,2401
1552,Illuminati: New World Order,1217,2519
148290,Longhorn,1217,1912
228660,Betrayal at Baldur's Gate,1217,1221
19989,Robber Knights,1215,3024
154003,Pagoda,1212,1679
963,The Gardens of the Alhambra,1211,3025
22532,Wings of War: The Dawn of World War II,1211,1586
198740,Lovecraft Letter,1211,1022
3139,Goldland,1209,1748
39242,Black Friday,1208,1915
226501,Dragonfire,1208,977
21287,Bison: Thunder on the Prairie,1206,2425
68264,No Retreat! The Russian Front,1206,668
96007,The New Era,1206,817
182351,Thief's Market,1205,1929
125311,Okiya,1204,1851
111732,Kings of Air and Steam,1202,1406
197405,Tak,1200,778
165948,Mangrovia,1196,1127
433,Shark,1194,1863
19995,Canal Mania,1194,1447
8166,Anno 1503,1193,2628
29456,Infernal Contraption,1192,4498
193737,Star Trek Panic,1192,1251
386,Pirateer,1191,15011
152053,Lagoon: Land of Druids,1190,2365
1604,The Mad Magazine Game,1188,15904
21892,Augsburg 1520,1188,2150
132544,Tesla vs. Edison: War of Currents,1188,1725
84159,Junta: Viva el Presidente!,1187,2355
1265,Mystery Rummy: Jekyll & Hyde,1186,1873
932,Top Race,1185,1643
8522,Ninja Burger,1185,11482
205046,Capital Lux,1185,1280
1589,Star Fleet Battles,1184,1705
8172,Coyote,1182,1910
12205,In a Pickle,1181,15917
42898,Pocket Battles: Celts vs. Romans,1181,2277
8207,Dungeoneer: Vault of the Fiends,1180,2641
15954,Conquest of Paradise,1180,1518
764,Mad Gab,1179,15873
29603,D-Day at Omaha Beach,1179,489
40531,Cosmic Encounter,1178,2383
203780,Power Grid: The Card Game,1178,1496
5534,Light Speed,1176,2431
198953,Pax Renaissance,1176,574
533,Labyrinth: The Card Game,1175,10582
163930,Abracada...What?,1175,1979
154259,Province,1174,2402
31479,Ubongo Extreme,1173,1593
93538,Battleship Galaxies,1172,1959
94104,Omen: A Reign of War,1171,976
204516,878: Vikings – Invasions of England,1171,809
172996,The King Is Dead,1169,1209
24157,Order of the Stick Adventure Game: The Dungeon of Dorukan,1168,5529
164,"Before I Kill You, Mister Spy...",1167,15385
126996,King's Forge,1166,1431
131891,Lost Legends,1166,2081
9202,Saga,1165,5055
46396,Ubongo 3-D,1162,1207
180602,Game of Trains,1162,2432
10496,Camelot Legends,1161,3362
230085,Agra,1161,952
15157,Amazonas,1160,2512
8668,Igloo Pop,1158,2646
30166,"The Good, the Bad, and the Munchkin",1157,3141
19419,Euphrates & Tigris: Contest of Kings,1156,3371
126444,The Hobbit Card Game,1156,15731
163642,Chimera Station,1154,942
19348,Byzantium,1151,1575
24935,Anima: Shadow of Omega,1151,5325
84469,Fürstenfeld,1151,2031
153318,Dimension,1151,1497
206931,Noch mal!,1148,1356
1662,"Napoleon: The Waterloo Campaign, 1815",1146,1047
37836,Julius Caesar,1146,745
19650,Il Principe,1143,2279
128898,New Amsterdam,1143,1275
142961,Thunderstone Advance: Numenera,1142,1006
223855,Sentient,1141,1009
118000,Africana,1137,1687
4492,Trivial Pursuit: 20th Anniversary Edition,1136,15799
204574,The Flow of History,1136,1426
193557,Android: Mainframe,1135,1750
10550,Big Boggle,1134,1648
124052,Cinque Terre,1134,1326
109779,Garden Dice,1133,1798
144761,"Going, Going, GONE!",1132,2771
193560,Escape the Room: Mystery at the Stargazer's Manor,1132,1879
156138,Happy Pigs,1131,1508
30,Dark Tower,1129,2160
242302,Space Base,1129,988
692,Wizard Kings,1126,1812
254,Empires in Arms,1125,1012
29687,Leaping Lemmings,1125,2205
143401,Yunnan,1125,1243
31808,GUBS: A Game of Wit and Luck,1122,4103
121073,Panic Lab,1122,3094
5825,Paris Paris,1120,2887
232988,The Castles of Burgundy: The Dice Game,1119,1440
423,1856: Railroading in Upper Canada from 1856,1116,901
128664,Timeline,1116,2290
31506,Ziegen Kriegen,1115,3132
172546,Parfum,1115,2128
15878,Rummy,1114,6079
158109,Onward to Venus,1114,1505
38657,Cities,1113,2321
22192,HeroQuest Advanced Quest,1112,1369
180020,Virus!,1110,2040
218417,Aeon's End: War Eternal,1108,442
392,Brawl,1107,2551
42124,Dungeon Twister 2: Prison,1107,1097
22245,Times Square,1106,2595
25584,If Wishes Were Fishes!,1104,2164
109125,Wallenstein (second edition),1103,822
7682,Go Fish,1102,15951
24396,War on Terror,1102,3595
146816,Sanssouci,1102,1274
216201,Robo Rally,1102,1291
1442,Victory in the Pacific,1101,1271
157958,DungeonQuest Revised Edition,1098,1405
542,Democrazy,1097,13250
1459,Sharp Shooters,1097,2380
1758,Advanced Heroquest,1097,2060
5339,Monopoly Junior,1097,15934
76247,Eaten by Zombies!,1097,4435
158742,Yardmaster Express,1097,4686
1962,Tribond,1096,15755
16398,War,1096,15958
191004,My First Stone Age,1096,1799
56707,Colonia,1095,2006
936,The Fury of Dracula,1094,1609
154906,Isle of Trains,1094,1537
98242,Star Trek Deck Building Game: The Next Generation,1092,2390
187680,Quests of Valeria,1092,1391
1491,Outpost,1091,1613
296,Medieval Merchant,1090,1727
193739,Jórvík,1090,1605
670,Starship Troopers,1089,2388
168998,Marvel Dice Masters: Age of Ultron,1089,1018
620,We the People,1088,1098
1157,Save Doctor Lucky,1088,5066
129459,Duel of Ages II,1088,1027
1561,Clue Master Detective,1087,2138
35572,Strozzi,1087,1759
10799,Old Maid,1085,15950
137776,Praetor,1085,1976
233312,Stuffed Fables,1085,789
178613,Star Trek: Five-Year Mission,1084,2282
1376,Serengeti,1083,2995
34320,Shanghaien,1083,2063
193308,Spyfall 2,1083,1216
200847,Secrets,1083,2079
2456,The Hobbit: The Defeat of Smaug,1082,15894
37728,Rock the Beat,1081,2554
144415,Nauticus,1081,1423
224710,Zombicide: Green Horde,1081,753
2633,Dog,1080,2498
3728,Ker Plunk,1079,15901
152242,Ultimate Werewolf: Deluxe Edition,1079,1365
13362,"Warhammer 40,000 (fourth edition)",1077,2522
59753,Priests of Ra,1077,1619
204472,Sub Terra,1076,1276
25685,Blackbeard,1075,3331
65200,Asteroyds,1074,2452
8481,Crusader Rex,1071,1282
26457,Successors (third edition),1070,954
129736,Kakerlakenpoker Royal,1070,1631
180592,Steam Time,1069,1178
215842,Exit: The Game – The Polar Station,1069,1231
202426,Sidereal Confluence: Trading and Negotiation in the Elysian Quadrant,1067,726
129293,Gauntlet of Fools,1066,3828
133528,City of Remnants,1065,1632
142296,Funemployed,1065,1549
8490,Age of Napoleon,1064,1733
127518,A Distant Plain,1064,686
158572,Waggle Dance,1064,1385
2535,Valley of the Mammoths,1063,2540
22398,10 Days in Asia,1063,1870
13286,Gloria Mundi,1061,3321
17970,Axis & Allies Miniatures,1060,2510
118610,Santa Cruz,1059,1835
86073,5 Second Rule,1058,14088
71676,Back to the Future: The Card Game,1057,5467
36739,Black Sheep,1056,4036
101,Detroit-Cleveland Grand Prix,1055,1722
4553,Attribute,1055,2497
5130,Afrikan tähti,1054,15914
31552,Wings of War: Deluxe Set,1054,1177
35248,Batavia,1054,2469
123885,Pick-a-Dog,1053,3032
155173,Subdivision,1052,2147
187273,The Dresden Files Cooperative Card Game,1051,1424
58798,Cardcassonne,1050,2744
171835,Posthuman,1050,2175
181761,Plums,1049,1935
2818,UNO Attack!,1048,15599
112869,Munchkin Apocalypse,1048,2460
128063,Uchronia,1048,2143
163805,Transatlantic,1048,1199
3886,Nine Men's Morris,1045,15590
137,Pass the Bomb,1043,4652
2533,Kupferkessel Co.,1043,1527
6738,Quicksand,1043,3301
427,Grass,1042,4582
76417,Poseidon,1042,1364
187653,Covert,1042,1200
3353,World War II: Barbarossa to Berlin,1041,1266
941,Turbo Taxi,1039,3516
3234,Dschunke,1037,1930
28396,It's Alive!,1036,2727
2081,The Civil War,1035,956
19996,Nacht der Magier,1035,1940
980,Al Cabohne,1034,3862
163370,Carcassonne: Gold Rush,1033,1293
39813,Qwirkle Cubes,1031,2112
8195,Viva Topo!,1030,1676
214293,Mountains of Madness,1030,2159
102148,NOIR: Deductive Mystery Game,1029,2012
1860,Dragon Dice,1028,7445
29903,Chang Cheng,1027,3155
223,Expedition,1026,1654
1194,Speed Circuit,1026,1690
88827,Battle Cry: 150th Civil War Anniversary Edition,1026,940
31503,Slide 5,1025,2177
129904,Shadows over Camelot: The Card Game,1023,5654
162559,Smash Up: Munchkin,1023,1980
215841,Exit: The Game – The Forgotten Island,1023,1238
798,Ace of Aces: Handy Rotary Series,1022,1587
37165,"Warhammer 40,000 (fifth edition)",1021,1937
7929,Dungeons & Dragons Miniatures,1020,2413
223750,Hardback,1020,987
58602,Cable Car,1016,1885
119407,Dixit Jinx,1016,5173
41003,Keltis: Der Weg der Steine Mitbringspiel,1015,2324
228504,Cat Lady,1015,1304
7098,Monopoly: Deluxe Edition,1014,15786
11825,Empire of the Sun,1014,764
75212,Grand Cru,1014,1655
128931,Noblemen,1014,1514
15126,Advanced Squad Leader: Starter Kit #2,1008,780
63740,Hotel Samoa,1008,2804
3632,Too Many Cooks,1007,2612
25491,Alhambra: The Dice Game,1007,3073
168054,Grifters,1006,1675
182340,Star Trek: Frontiers,1005,777
71655,Wok Star,1004,1779
1933,Key to the Kingdom,1002,15673
93724,Black Gold,1001,1662
17557,Super Farmer,1000,10452
214032,Founders of Gloomhaven,999,1559
125046,Fantastiqa,997,1475
22948,Munchkin Impossible,995,4594
75091,Norenberc,995,1713
180198,Rolling America,995,2271
368,Relationship Tightrope,994,3068
626,War and Peace,993,2127
633,Elixir,993,13975
3343,Go For Broke,993,15913
1426,Lord of the Rings: The Search,992,15836
179460,Stronghold (2nd edition),992,913
37231,Comuni,991,1938
212516,Keyper,991,1050
30932,Lascaux,989,2607
90870,Pelican Cove,989,1826
247,Gloria Picktoria,988,2518
23985,Midgard,988,2075
26859,Kragmortha,988,5998
45748,Carcassonne: Wheel of Fortune,988,1494
154443,Madame Ching,988,2230
234669,Legacy of Dragonholt,988,1051
5767,Mammoth Hunters,986,3249
3510,Battle of the Sexes,984,15949
95,Igel Ärgern,983,2487
147,Crude: The Oil Game,983,1828
5795,Richelieu,983,2058
4741,Warmachine,982,1340
511,Silverton,981,1432
62853,JAB: Realtime Boxing,980,2813
163920,Gaïa,980,2746
163839,Feudum,979,1065
25574,Gin Rummy,978,3205
631,Daytona 500,977,1400
17104,Canasta,977,2819
6955,Reiner Knizia's Decathlon,976,3012
99120,The Walking Dead: The Board Game,976,6926
29198,Inn-Fighting,975,4754
1302,Cosmic Wimpout,974,4586
169318,City of Spies: Estoril 1942,974,1409
3870,7 Ages,973,1526
143175,Kashgar: Merchants of the Silk Road,973,1411
42244,Martinique,971,2844
130899,12 Days,971,2251
7719,Arena Maximus,970,4530
119632,IOTA,970,3034
16497,Rat Hot,969,2713
23679,Warriors of God,969,1074
176371,Explorers of the North Sea,969,1154
233676,Noria,969,2021
215341,Thunderstone Quest,968,673
7708,Hisss,967,9768
103660,VivaJava: The Coffee Game,966,1615
113873,"The Hunters: German U-Boats at War, 1939-43",966,969
205418,Agricola: Family Edition,966,1303
34969,Ubongo: Duel,965,1642
83667,First Train to Nuremberg,965,1412
18333,Nature Fluxx,964,5435
17851,Pizza Box Football,963,2806
